pharmacy_name,pharmacist_in_charge,pharmacy_address
A.M. Pharmacy Pte Ltd,PARK YEON SANG,"150, ORCHARD ROAD, #04-06, ORCHARD PLAZA, SG(238841)"
AIRPORT PHARMACY T4 South,GAN TING RUI GLADYS,"10, AIRPORT BOULEVARD, #02-55/56, CHANGI AIRPORT TERMINAL 4, SG(819665)"
Alchemy Pharmacy,Chang Pui Ye Jinny,"258, PASIR RIS STREET 21, #01-14, LOYANG POINT, SG(510258)"
Alexandra Hospital Retail Pharmacy,Boon Choon Pei,"378, ALEXANDRA ROAD, #01-00, ALEXANDRA HOSPITAL, SG(159964)"
Amber Compounding Pharmacy,LIM YONG QUAN,"96, OWEN ROAD, #01-01, SG(218908)"
CGH Pharmacy B,Lim Siew Luang,"2, SIMEI STREET 3, CHANGI GENERAL HOSPITAL, SG(529889)"
"Child Guidance Clinic, Health Promotion Board",Nani Harsono Ng Siu Hun,"3, SECOND HOSPITAL AVENUE, #03-01, HEALTH PROMOTION BOARD, SG(168937)"
Clinic B Pharmacy,SOH LAY BENG (MS),"10, BUANGKOK VIEW, #01-BLK 1, INSTITUTE OF MENTAL HEALTH, SG(539747)"
Community Wellness Clinic Queenstown Pharmacy,Yen Lee Chen,"580, STIRLING ROAD, #04-00, QUEENSTOWN POLYCLINIC, SG(148958)"
Essentials Pharmacy,Tan Lychee Simone,"101, UPPER CROSS STREET, #01-23, PEOPLE'S PARK CENTRE, SG(058357)"
Farrer Park Pharmacy,ONG CHIN KHENG,"1, FARRER PARK STATION ROAD, #01-03, CONNEXION, SG(217562)"
GLENEAGLES HOSPITAL,Lee Wei Xian,"6A, NAPIER ROAD, #02-00, GLENEAGLES HOSPITAL, SG(258500)"
GRACE HEALTHCARE,CHAN WENG TZEE STEVEN,"634, BUKIT BATOK CENTRAL, #01-110, SG(650634)"
Glovida-Rx Pharmacy,CHIA WEI CHUN LESLIE,SG
Guardian Pharmacy ( Waterway Point),Huang Peien Esther,"83, PUNGGOL CENTRAL, #B1-04, WATERWAY POINT, SG(828761)"
Guardian Pharmacy (Admiralty Place),AMANDA WONG SUE-LYN,"678A, WOODLANDS AVENUE 6, #01-13, ADMIRALTY PLACE, SG(731678)"
Guardian Pharmacy (Ang Mo Kio Hub),TEO YI LIANG,"53, ANG MO KIO AVENUE 3, #B2-01/02, AMK HUB, SG(569933)"
Guardian Pharmacy (Bedok Central),Tan Ming Ming,"210, NEW UPPER CHANGI ROAD, #01-715, SG(460210)"
Guardian Pharmacy (Bedok Mall),TAY JIA XIN,"311, NEW UPPER CHANGI ROAD, #B2-45-47, BEDOK MALL, SG(467360)"
Guardian Pharmacy (Bishan Place),Tan Hwee Jun,"9, BISHAN PLACE, #B1-08, JUNCTION 8 SHOPPING CENTRE, SG(579837)"
Guardian Pharmacy (Bugis Junction 3),LIANG SHI YUN,"200, VICTORIA STREET, #B1-20/21, BUGIS JUNCTION, SG(188021)"
Guardian Pharmacy (Bukit Panjang Plaza),LEE YING WEI RACHAEL,"1, JELEBU ROAD, #01-01/02/03, BUKIT PANJANG PLAZA, SG(677743)"
Guardian Pharmacy (Causeway Point),CHOW POH YEE,"1, WOODLANDS SQUARE, #B1-28-30, CAUSEWAY POINT, SG(738099)"
Guardian Pharmacy (Changi T1 Transit East),HO QUANG KHAI,"80, AIRPORT BOULEVARD, #02-69, CHANGI AIRPORT TERMINAL 1, SG(819642)"
Guardian Pharmacy (Changi T2 North),Yeo Kah Cheng Michelle,"60, AIRPORT BOULEVARD, #02-155, CHANGI AIRPORT TERMINAL 2, SG(819643)"
Guardian Pharmacy (Changi T3 Basement 2 North),CHIU WEI THENG,"65, AIRPORT BOULEVARD, #B2-24, CHANGI AIRPORT TERMINAL 3, SG(819663)"
Guardian Pharmacy (Chinatown Point 4),CHRISTINA LAU IK MEE,"133, NEW BRIDGE ROAD, #B1-34, CHINATOWN POINT, SG(059413)"
Guardian Pharmacy (City Square Mall),Lim Chin Soon,"180, KITCHENER ROAD, #B1-18/19, CITY SQUARE MALL, SG(208539)"
Guardian Pharmacy (Clementi Mall),FENG YANG,"3155, COMMONWEALTH AVENUE WEST, #03-59/60/61, THE CLEMENTI MALL, SG(129588)"
Guardian Pharmacy (Compass One),CHEONG AI TING,"1, SENGKANG SQUARE, #B1-11, COMPASS ONE, SG(545078)"
Guardian Pharmacy (Departure 3-South),LIM JIA YEN JAIME,"65, AIRPORT BOULEVARD, #02-29, CHANGI AIRPORT TERMINAL 3, SG(819663)"
Guardian Pharmacy (Departure Transit West T1),Foo Lee Sun,"80, AIRPORT BOULEVARD, #02-16, CHANGI AIRPORT TERMINAL 1, SG(819642)"
Guardian Pharmacy (Funan Mall),HONG SHEU DONG,"107, NORTH BRIDGE ROAD, #B2-16, FUNAN, SG(179105)"
Guardian Pharmacy (Gleneagles),Tan Yin Yin,"6, NAPIER ROAD, #02-06-08, GLENEAGLES MEDICAL CENTRE, SG(258499)"
Guardian Pharmacy (Great World City),Yeyen Gunawan,"1, KIM SENG PROMENADE, #B1-122/123/124/125, GREAT WORLD CITY, SG(237994)"
Guardian Pharmacy (H205),Toh Shi Yun Nelley,"205, HOUGANG STREET 21, #01-129, HEARTLAND MALL- KOVAN, SG(530205)"
Guardian Pharmacy (Harbourfront Centre),ONG YI WEI,"1, MARITIME SQUARE, #02-111/112, HARBOURFRONT CENTRE, SG(099253)"
Guardian Pharmacy (Holland Shopping Centre),TAN WEI XUN,"211, HOLLAND AVENUE, #01-10/11, HOLLAND ROAD SHOPPING CENTRE, SG(278967)"
Guardian Pharmacy (Hougang Mall),"SIM HWEE YIN, VIVIANNE","90, HOUGANG AVENUE 10, #B1-31, HOUGANG MALL, SG(538766)"
Guardian Pharmacy (IMM Building),Ng Siow Tian,"2, JURONG EAST STREET 21, #01-99, IMM BUILDING, SG(609601)"
Guardian Pharmacy (ION),YAMUNNA NARAYANAN,"2, ORCHARD TURN, #B4-02, ION ORCHARD, SG(238801)"
Guardian Pharmacy (Income @ Raffles),ADELYNN CHAI YI TING,"16, COLLYER QUAY, #01-11/12, COLLYER QUAY CENTRE, SG(049318)"
Guardian Pharmacy (JEM),LIM ZONG HONG,"50, JURONG GATEWAY ROAD, #B1-16/17, JEM, SG(608549)"
Guardian Pharmacy (Jelita Shopping Centre),TANG SAN SAN,"293, HOLLAND ROAD, #02-05/06/07, COLD STORAGE JELITA, SG(278628)"
Guardian Pharmacy (Jurong Point 2),Chew Wei Zhi Grace,"63, JURONG WEST CENTRAL 3, #B1-27/28, JURONG POINT, SG(648331)"
Guardian Pharmacy (LOT 1),LEE WEN SIN,"21, CHOA CHU KANG AVENUE 4, #B1-26/27, LOT ONE, SHOPPERS' MALL, SG(689812)"
Guardian Pharmacy (Marina Bay Sands),YEO XIANG HAO KELVIN,"2, BAYFRONT AVENUE, #B2-49, MARINA BAY SANDS, SG(018972)"
Guardian Pharmacy (Mount Elizabeth Medical Level 3),Mohamed Imran Bin Sahabdeen,"3, MOUNT ELIZABETH, #03-K1, MOUNT ELIZABETH HOSPITAL, SG(228510)"
Guardian Pharmacy (New Plaza Singapura ),LOW KAE ONG,"68, ORCHARD ROAD, #B2-15, PLAZA SINGAPURA, SG(238839)"
Guardian Pharmacy (New Suntec City),Liaw Liong Chyuan (Liao Liangquan),"3, TEMASEK BOULEVARD, #02-705/707, SUNTEC CITY MALL, SG(038983)"
Guardian Pharmacy (Northpoint),CHO TONG TZE,"930, YISHUN AVENUE 2, #B1-02/03, SG(769098)"
Guardian Pharmacy (Novena Hospital),Ong Kheng Soon Alvin,"38, IRRAWADDY ROAD, #01-08/09/10/11, SG(329563)"
Guardian Pharmacy (Novena Square),Knaggs John,"238, THOMSON ROAD, #01-31, NOVENA SQUARE, SG(307683)"
Guardian Pharmacy (Oasis Terrace),Hoe Chooi Fong,"681, PUNGGOL DRIVE, #01-22/23/24/25, SG(820681)"
Guardian Pharmacy (Our Tampines Hub),PHEY XIANG YUN,"1, TAMPINES WALK, #B1-29, OUR TAMPINES HUB, SG(528523)"
Guardian Pharmacy (Paragon),Tan Wee Jin,"290, ORCHARD ROAD, #B1-20/24, THE PARAGON, SG(238859)"
Guardian Pharmacy (Parkway Parade),CHARMAINE NEO,"80, MARINE PARADE ROAD, #B1-147-149/155A, PARKWAY PARADE, SG(449269)"
Guardian Pharmacy (Pasir Ris Mall),WU WEIJIE,"7, PASIR RIS CENTRAL, #B1-29, SG(519612)"
Guardian Pharmacy (Paya Lebar Quarter),LIAW WAN TING,"10, PAYA LEBAR ROAD, #B2-01 & 35, PLQ MALL, SG(409057)"
Guardian Pharmacy (Plantation Plaza),TAY SHUN ERN,"127, PLANTATION CRESCENT, #B1-16, PLANTATION PLAZA, SG(690127)"
Guardian Pharmacy (Raffles City),Soh Deren,"252, NORTH BRIDGE ROAD, #B1-01, RAFFLES CITY SHOPPING CENTRE, SG(179103)"
Guardian Pharmacy (Raffles Place MRT 3),RACHEL YONG SOOK YI,"5, RAFFLES PLACE, #B1-37-40/43-45, RAFFLES PLACE MRT STATION, SG(048618)"
Guardian Pharmacy (Seletar Mall),ERNEST NEO,"33, SENGKANG WEST AVENUE, #B1-10/11, THE SELETAR MALL, SG(797653)"
Guardian Pharmacy (Serangoon Garden),Lin Fangyun,"66, SERANGOON GARDEN WAY, #00-00, SERANGOON GARDEN ESTATE, SG(555962)"
Guardian Pharmacy (Serangoon NEX),Chua Fang,"23, SERANGOON CENTRAL, #B1-62/63, NEX, SG(556083)"
Guardian Pharmacy (Star Vista),Ms Uma Mageswari Sellvaraj,"1, VISTA EXCHANGE GREEN, #B1-16, THE STAR, SG(138617)"
Guardian Pharmacy (Sun Plaza 2),Ling Chin Ung,"30, SEMBAWANG DRIVE, #B1-11, SUN PLAZA, SG(757713)"
Guardian Pharmacy (Suntec Fountain),Teh Hui Shan,"3, TEMASEK BOULEVARD, #B1-154/155/156, SUNTEC CITY MALL, SG(038983)"
Guardian Pharmacy (Takashimaya S. C. ),Chang Yung Yung,"391, ORCHARD ROAD, #B2-15-23, NGEE ANN CITY, SG(238872)"
Guardian Pharmacy (Tampines MRT),VALERIAN NEO ZHEN NING,"20, TAMPINES CENTRAL 1, #01-01, TAMPINES MRT STATION, SG(529538)"
Guardian Pharmacy (Tampines Mall),"LEE RONG EN, SHAWN","4, TAMPINES CENTRAL 5, #B1-18/19, TAMPINES MALL, SG(529510)"
Guardian Pharmacy (Tanglin Mall),HO HUI MIN,"163, TANGLIN ROAD, #01-121/122, TANGLIN MALL, SG(247933)"
Guardian Pharmacy (Terminal 3 Transit Lounge North ),Mok Jiamin Genevieve (Mo Jiamin),"65, AIRPORT BOULEVARD, #02-66, CHANGI AIRPORT TERMINAL 3, SG(819663)"
Guardian Pharmacy (The Centrepoint),Hon Jan Yee,"176, ORCHARD ROAD, #B1-01/02/03/04, THE CENTREPOINT, SG(238843)"
Guardian Pharmacy (The Woodleigh Mall),Lee Moh Wah,"11, BIDADARI PARK DRIVE, #B1-36, THE WOODLEIGH MALL, SG(367803)"
Guardian Pharmacy (Thomson),WU KAHSING,"301, UPPER THOMSON ROAD, #03-28, THOMSON PLAZA, SG(574408)"
Guardian Pharmacy (Tiong Bahru Plaza),SOH JIA SHING,"302, TIONG BAHRU ROAD, #B1-125, TIONG BAHRU PLAZA, SG(168732)"
Guardian Pharmacy (Toa Payoh Blk 190),TOO HUI LING,"190, LORONG 6 TOA PAYOH, #01-578, SG(310190)"
Guardian Pharmacy (United Square 2),LIM YANG CHIN,"101, THOMSON ROAD, #B1-28, UNITED SQUARE, SG(307591)"
Guardian Pharmacy (Vivo),Lam Cheng Yi (Lin Jingyi),"1, HARBOURFRONT WALK, #02-79, VIVO CITY, SG(098585)"
Guardian Pharmacy (WRS),LEE WEN KAI,"21, TAMPINES NORTH DRIVE 2, #01-01, GIANT, SG(528765)"
Guardian Pharmacy (West Mall),Quan Silver,"1, BUKIT BATOK CENTRAL LINK, #01-27, WEST MALL, SG(658713)"
Guardian Pharmacy (White Sands Mall),Ling Looi Sze,"1, PASIR RIS CENTRAL STREET 3, #01-12, SG(518457)"
Guardian Pharmacy (Yew Tee MRT),JESSICA TEO JIA LEI,"61, CHOA CHU KANG DRIVE, #01-02A, YEW TEE MRT STATION, SG(689715)"
Guardian Pharmacy (i12 Katong ),Cheng Joo Jian Milton,"112, EAST COAST ROAD, #B1-15/16, 112 KATONG, SG(428802)"
Haematology Pharmacy (Block 7),Lim Yan Jiun,"1, HOSPITAL CRESCENT, #02-00, SINGAPORE GENERAL HOSPITAL, SG(169608)"
Healing Hub @ Ang Mo Kio - Thye Hua Kwan Hospital,Tan Yongqiang (Chen Yongqiang),"17, ANG MO KIO AVENUE 9, #01-00, ANG MO KIO COMMUNITY HOSPITAL, SG(569766)"
Jurong Community Hospital Pharmacy,Lim Sue Fern,"1, JURONG EAST STREET 21, #01-01, SG(609606)"
Jurong Medical Centre Pharmacy,Fung Kar Yen,"60, JURONG WEST CENTRAL 3, #01-08, SG(648346)"
KK Emergency Pharmacy,Go Hui Jia (Wu Huijia),"100, BUKIT TIMAH ROAD, #B1-0V92A, KK WOMEN'S AND CHILDREN'S HOSPITAL, SG(229899)"
KK Outpatient Pharmacy,Ng Ai Shing,"100, BUKIT TIMAH ROAD, #01-1R20A, KK WOMEN'S AND CHILDREN'S HOSPITAL, SG(229899)"
Khoo Teck Puat Hospital Pharmacy,Supadhara Ramaiyah,"90, YISHUN CENTRAL, #LVL 1-TOWER C, KHOO TECK PUAT HOSPITAL, SG(768828)"
MANAPHARMA PHARMACY,Jimmy Tan,"371, BEACH ROAD, #B1-12, CITY GATE, SG(199597)"
MEDI-LINK PHARMACY,CHEONG PENG YIANG,"803, KING GEORGE'S AVENUE, #02-182, SG(200803)"
MOHAMED MUSTAFA & SAMSUDDIN CO PTE LTD (MUSTAFA CENTRE),Ganesan Manikam,"145, SYED ALWI ROAD, #01-00, MUSTAFA CENTRE, SG(207704)"
MOUNT ELIZABETH HOSPITAL PHARMACY,Chua Hui Ling,"3, MOUNT ELIZABETH, #02-01, MOUNT ELIZABETH HOSPITAL, SG(228510)"
MOUNT ELIZABETH NOVENA HOSPITAL PHARMACY,Yeo Sock Ling Jocelyn,"38, IRRAWADDY ROAD, #04-00, SG(329563)"
MT ALVERNIA HOSPITAL RETAIL PHARMACY,KOH CHANG CHERN,"820, THOMSON ROAD, #01-00 MAIN BLGD, MOUNT ALVERNIA HOSPITAL, SG(574623)"
MUSTAFA PHARMACY,Tan Siaw Chyng,"171, SYED ALWI ROAD, #01-00, MUSTAFA CENTRE, SG(207713)"
Mount Alvernia Hospital (Main Pharmacy),Ganeswari Apparow,"820, THOMSON ROAD, #02-29, MOUNT ALVERNIA HOSPITAL, SG(574623)"
"Mount Alvernia Hospital, St Anne Mother & Child Centre Pharmacy",DEBRA CHEAH XIN YI,"820, THOMSON ROAD, #02-01, MOUNT ALVERNIA HOSPITAL, SG(574623)"
NATIONAL HEART CENTRE PHARMACY,Teo Siew Chong,"5, HOSPITAL DRIVE, #02-00, NATIONAL HEART CENTRE OF SINGAPORE, SG(169609)"
NATIONAL UNIVERSITY HOSPITAL(S) PTE LTD (MEDICAL CENTRE PHARMACY),Goh Xiao Ling,"1, LOWER KENT RIDGE ROAD, #03--, NUH MEDICAL CENTRE, SG(119082)"
National Addiction Management Services (NAMS) Clinic Pharmacy,Neo Li Qi,"10, BUANGKOK VIEW, #B1-BLK 9, INSTITUTE OF MENTAL HEALTH, SG(539747)"
National Cancer Center ATU Pharmacy,Lew Kaung Yuan,"30, HOSPITAL BOULEVARD, #10B-061, SG(168583)"
National Cancer Center Oncology Outpatient Pharmacy,Thum Chui Mei,"30, HOSPITAL BOULEVARD, #02-00, SG(168583)"
National Central Fill Pharmacy One,WOO YOOK TING AMANDA,SG
National Centre for Infectious Disease (Outpatient Pharmacy),Law Hwa Lin,"16, JALAN TAN TOCK SENG, #01-00, SG(308442)"
National Healthcare Group Pharmacy (Ang Mo Kio),YEOH WEINI,"21, ANG MO KIO CENTRAL 2, #02-00, ANG MO KIO POLYCLINIC, SG(569666)"
National Healthcare Group Pharmacy (Geylang),Char Wai Teng Cheryl,"21, GEYLANG EAST CENTRAL, #02-00, GEYLANG POLYCLINIC, SG(389707)"
National Healthcare Group Pharmacy (Hougang),Ooi Hui Fen,"89, HOUGANG AVENUE 4, #00-00, HOUGANG POLYCLINIC, SG(538829)"
National Healthcare Group Pharmacy (Kallang),Yvonne Tan Xing Yii,"701, SERANGOON ROAD, #02-00, SG(328263)"
National Healthcare Group Pharmacy (Khatib),CHUA JIA JING,"690, YISHUN RING ROAD, #02-00, SG(769567)"
National Healthcare Group Pharmacy (Sembawang),Weng Wanyu,"21, CANBERRA LINK, #01-03, SG(756973)"
National Healthcare Group Pharmacy (Toa Payoh),CHUA CHUN HEONG DARON,"2003, LORONG 8 TOA PAYOH, #00-00, TOA PAYOH POLYCLINIC, SG(319260)"
National Healthcare Group Pharmacy (Woodlands),Wong Khang Nee Connie,"10, WOODLANDS STREET 31, #01-00, WOODLANDS POLYCLINIC, SG(738579)"
National Healthcare Group Pharmacy (Yishun),Siti Ainon Binte Muhammad Hussein,"2, YISHUN AVENUE 9, #02-00, YISHUN POLYCLINIC, SG(768898)"
National Skin Centre Pharmacy,Li Kaihui Benny,"1, MANDALAY ROAD, #02B-20, NATIONAL SKIN CENTRE, SG(308205)"
National University Health System Pharmacy (Bukit Batok),Sanisah Binte Mohd,"50, BUKIT BATOK WEST AVENUE 3, #01-00, BUKIT BATOK POLYCLINIC, SG(659164)"
National University Health System Pharmacy (Bukit Panjang),NUR FATIMA BINTE BAGINDA ALI,"50, WOODLANDS ROAD, #04-00, SG(677726)"
National University Health System Pharmacy (Choa Chu Kang),Pang Pei Ching,"2, TECK WHYE CRESCENT, #01-00, CHOA CHU KANG POLYCLINIC, SG(688846)"
National University Health System Pharmacy (Clementi),KOH YI KIET TIMOTHY,"451, CLEMENTI AVENUE 3, #02-307, SG(120451)"
National University Health System Pharmacy (Jurong),Yong Yuen Teng,"190, JURONG EAST AVENUE 1, #01-00, JURONG POLYCLINIC, SG(609788)"
National University Health System Pharmacy (Pioneer),Ho Caihong Grace (He Caihong Grace),"26, JURONG WEST STREET 61, #02-00, PIONEER POLYCLINIC, SG(648201)"
National University Health System Pharmacy (Queenstown),So Yuk Yi,"580, STIRLING ROAD, #02-00, QUEENSTOWN POLYCLINIC, SG(148958)"
National University Hospital (S) Pte Ltd (Main Building Pharmacy),Tan Ai Lee,"5, LOWER KENT RIDGE ROAD, #F01-01/02, NATIONAL UNIVERSITY HOSPITAL, SG(119074)"
National University Hospital (s) Pte Ltd (Pharmacy @ NCIS),Wong Yuet Peng,"1, LOWER KENT RIDGE ROAD, #9-00, NUH MEDICAL CENTRE, SG(119082)"
National University Hospital - Kent Ridge Wing Pharmacy,Munesy Doraisamy,"5, LOWER KENT RIDGE ROAD, #03-01, NATIONAL UNIVERSITY HOSPITAL, SG(119074)"
Ng Teng Fong General Hospital Outpatient & Retail Pharmacy,Goh Hwey Shan,"1, JURONG EAST STREET 21, #L2-TOWER A, SG(609606)"
Nishino Pharmacy (Shaw House),Yan Mei Lin Lindy,"350, ORCHARD ROAD, #B1-00, SHAW HOUSE, SG(238868)"
Nishino Pharmacy (Takashimaya),Yeoh Yeak Siong,"391A, ORCHARD ROAD, #B201-7, NGEE ANN CITY TOWER A, SG(238873)"
P & L PHARMACY PTE LTD,Phua Ngee Cheng,"1, CLAYMORE DRIVE, #01-08/09, ORCHARD TOWERS, SG(229594)"
PHARMACY @ CGH MEDICAL CENTRE,Chin Wenying,"2A, SIMEI STREET 3, #01-00, CHANGI GENERAL HOSPITAL, SG(529906)"
Parkway East Hospital Pharmacy,Nur Shahida Binte Ahmad,"321, JOO CHIAT PLACE, #01-00, PARKWAY EAST HOSPITAL, SG(427990)"
Pharmacy Services Centre 2,Teo Bao Wen,"6, SERANGOON NORTH AVENUE 5, #03-12, SG(554910)"
"Pharmacy Services Centre, NHG (Blk 9)",Chong Jiun Yih,"10, BUANGKOK VIEW, #L1-00-01, INSTITUTE OF MENTAL HEALTH, SG(539747)"
"Pharmacy@IB, CGH (The Integrated Building)",Lim Wee Heng,"2, SIMEI STREET 3, #J1-01, CHANGI GENERAL HOSPITAL, SG(529889)"
Princeton Pharmacy (S) Pte Ltd,Tan Zhen Yang,"1, CLEMENTI LOOP, #05-02, SG(129808)"
Raffles Health,HANNAH KOH YIH YUN,"585, NORTH BRIDGE ROAD, #01-00, RAFFLES HOSPITAL, SG(188770)"
RxMedz Pte Ltd,Ng Khai Hsing,SG
SGH BOWYER BLOCK PHARMACY,Wong Jane Ai,"1, HOSPITAL CRESCENT, #01-00, SINGAPORE GENERAL HOSPITAL, SG(169608)"
SGH OUTPATIENT PHARMACY (BLK 3),Ng Mei Ying,"1, HOSPITAL CRESCENT, #01-00, SINGAPORE GENERAL HOSPITAL, SG(169608)"
SGH Retail Pharmacy (Blk 4),Lim Mun Moon,"1, HOSPITAL DRIVE, #01-00, SINGAPORE GENERAL HOSPITAL, SG(169608)"
SINGAPORE NATIONAL EYE CENTRE PTE LTD,Tan Chong Lip,"11, THIRD HOSPITAL AVENUE, #01-1A, SINGAPORE NATIONAL EYE CENTRE, SG(168751)"
SINGHEALTH POLY-OUTRAM,Lee Wing Yan Angela,"3, SECOND HOSPITAL AVENUE, #02-00, HEALTH PROMOTION BOARD, SG(168937)"
SMITH PHARMACY PTE LTD,Lee Ming Hoong Anne,"55, LENGKOK BAHRU, #01-405, SG(151055)"
ST ANDREW'S COMMUNITY HOSPITAL PHARMACY,LIM SING CHOON,"8, SIMEI STREET 3, #01, SAINT ANDREW'S HOSPITAL, SG(529895)"
ST LUKE'S HOSPITAL BLOCK A,OO EWE WAH,"2, BUKIT BATOK STREET 11, #01-00, SG(659674)"
Sengkang General Hospital Outpatient Pharmacy,Yip Wai Ling,"110, SENGKANG EAST WAY, #01-00, SENGKANG GENERAL HOSPITAL, SG(544886)"
Singhealth Poly - Bedok,Tay Siew Cheng Sarah,"11, BEDOK NORTH STREET 1, #02-01, HEARTBEAT @ BEDOK, SG(469662)"
Singhealth Poly - Bukit Merah,Chua Liwei,"163, BUKIT MERAH CENTRAL, #04-3565 & 3575, SG(150163)"
Singhealth Poly - Marine Parade,Sim Kwang Han,"80, MARINE PARADE CENTRAL, #01-792, MARINE PARADE PROMENADE, SG(440080)"
Singhealth Poly - Pasir Ris,Ong Li Ching Charlene (Wang Lizhen),"6, PASIR RIS DRIVE 8, #1M-01, SG(519466)"
Singhealth Poly - Punggol,Tang Imel,"681, PUNGGOL DRIVE, #03-01, SG(820681)"
Singhealth Poly - Sengkang,Lee Yu Jie,"2, SENGKANG SQUARE, #01-06, SENGKANG COMMUNITY HUB, SG(545025)"
Singhealth Poly - Tampines,Chan Kuan Cheong,"1, TAMPINES STREET 41, #01-00, TAMPINES POLYCLINIC, SG(529203)"
Singhealth Poly-Eunos,Sy Li Chin,"1, CHIN CHENG AVENUE, #02-00, EUNOS POLYCLINIC, SG(429400)"
Singhealth Poly-Tampines North,Jenny Eu,"35, TAMPINES STREET 61, #01-00, SG(528566)"
Specialist Compounding Pharmacy Pte Ltd,Wong Kah Yeen,"20, BIOPOLIS WAY, #01-05, CENTROS, SG(138668)"
TAN TOCK SENG HOSPITAL PTE LTD (EMERGENCY PHARMACY),TAN WEI QIN,"11, JALAN TAN TOCK SENG, #B1-00, TAN TOCK SENG HOSPITAL, SG(308433)"
Tan Tock Seng Hospital (Ang Mo Kio Specialist Centre),See Toh Wei Yann (Situ Hui'en),"723, ANG MO KIO AVENUE 8, #01-00, AMK SPECIALIST CENTRE, SG(560723)"
Tan Tock Seng Hospital (Outpatient & Retail Pharmacy),Lim Hong Yee,"11, JALAN TAN TOCK SENG, #B2-00, TAN TOCK SENG HOSPITAL, SG(308433)"
"Tan Tock Seng Hospital (Pharmacy, Level 2)",LIM YI SAN,"11, JALAN TAN TOCK SENG, #2-00, TAN TOCK SENG HOSPITAL, SG(308433)"
"The Japanese Association Clinic, Singapore","LIM XINYI, ALETHEA","120, ADAM ROAD, #01-01, THE JAPANESE ASSOCIATION, SINGAPORE, SG(289899)"
The Pharmacy Inc.,Priscilla Lim Suk Ling,"25, BIRCH ROAD, #01-00, SG(219890)"
Thomson Medical Centre Pharmacy,Wong Fuh Kum,"339, THOMSON ROAD, #01-00, THOMSON MEDICAL CENTRE, SG(307677)"
Trident Pharm Pte Ltd,Manoj s/o V K Balakrishnan,"304, ORCHARD ROAD, #02-82, LUCKY PLAZA, SG(238863)"
UNITY By FairPrice (BN(A)),SHAZWANI BINTE YAKOB @ WAN NEE,"212, BEDOK NORTH STREET 1, #02-147, SG(460212)"
UNITY By FairPrice (BTPZ),"KHOR SHAO MING, NATHANIEL","1, JALAN ANAK BUKIT, #B1-01, BUKIT TIMAH PLAZA, SG(588996)"
UNITY By FairPrice (EPT),CHAI EMILY JARR-YI,"3, SIMEI STREET 6, #05-01, EASTPOINT MALL, SG(528833)"
UNITY By FairPrice (HGPT),Lam Cai Hong,"1, HOUGANG STREET 91, #02-01, HOUGANG 1, SG(538692)"
UNITY By FairPrice (HJPT )Hyper Jurong Point,LAM YOUNG ZHENG,"63, JURONG WEST CENTRAL 3, #03-01, JURONG POINT, SG(648331)"
UNITY By FairPrice (HNEX),Tan Mei Yuen,"23, SERANGOON CENTRAL, #03-37/38, NEX, SG(556083)"
UNITY By FairPrice (KTIB),Low Jing Yang,"849, YISHUN RING ROAD, #01-3701/3703, KHATIB CENTRAL, SG(760849)"
UNITY By FairPrice (LOT1),THIO CHING JIA,"21, CHOA CHU KANG AVENUE 4, #B1-04/05, LOT ONE, SHOPPERS' MALL, SG(689812)"
UNITY By FairPrice (MP),NG BEI XIAN,"6, MARINE PARADE CENTRAL, #01-00, MARINE PARADE BRANCH LIBRARY, SG(449411)"
UNITY By FairPrice (NPCT) North Point City,YAP MAY KAY,"1, NORTHPOINT DRIVE, #B2-103-107, NORTHPOINT CITY, SG(768019)"
UNITY By FairPrice (RVAL),Chen Fangping Alice,"118, RIVERVALE DRIVE, #01-16, RIVERVALE PLAZA, SG(540118)"
UNITY By FairPrice (TGP),Ng Boon Khiang (Huang Wenqiang),"1, TANJONG PAGAR PLAZA, #01-01, SG(082001)"
UNITY By FairPrice (UARC),GAN HUI YEEN,"460, ALEXANDRA ROAD, #02-04/05/06, MTOWER, SG(119963)"
UNITY By FairPrice (UBMC),Ng Jia Yi Doreen (Huang Jiayi),"166, BUKIT MERAH CENTRAL, #01-3531, BUKIT MERAH AREA OFFICE, SG(150166)"
UNITY By FairPrice (UBPP),JESSIE CHONG YEE SHUANG,"1, JELEBU ROAD, #01-06, BUKIT PANJANG PLAZA, SG(677743)"
UNITY By FairPrice (UHBF),WONG SIEW RONG,"1, MARITIME SQUARE, #02-118/119, HARBOURFRONT CENTRE, SG(099253)"
UNITY By FairPrice (UHLC),CANDACE LEE YING ZHEN,"90, HOUGANG AVENUE 10, #B1-35/36, HOUGANG MALL, SG(538766)"
UNITY By FairPrice (UHLM),ONG RISHENG,"17, PETIR ROAD, #B2-64/65, HILLION MALL, SG(678278)"
UNITY By FairPrice (UJX8),LIM YI ZHENG,"9, BISHAN PLACE, #B1-16, JUNCTION 8, SG(579837)"
UNITY By FairPrice (UPSG),LIM XUE LI,"68, ORCHARD ROAD, #B2-20A, PLAZA SINGAPURA, SG(238839)"
UNITY By FairPrice (USMA),FONG HON TIEN,"33, SENGKANG WEST AVENUE, #B2-16/17/18, THE SELETAR MALL, SG(797653)"
UNITY By FairPrice (UTP2),KOH PEK HAR,"510, LORONG 6 TOA PAYOH, #B1-02, TOA PAYOH MRT STATION, SG(319398)"
UNITY By FairPrice (UWGA),Sinthu d/o Samikkannu,"3, GATEWAY DRIVE, #B1-21, WESTGATE, SG(608532)"
UNITY By FairPrice (UWSA),Chua Rui Min,"1, PASIR RIS CENTRAL STREET 3, #B1-02, SG(518457)"
UNITY By FairPrice (UWWP),Lim Zhi Ying,"83, PUNGGOL CENTRAL, #B2-26, WATERWAY POINT, SG(828761)"
UNITY By Fairprice (CLML),Lee Xin Edwin (Li Xin Edwin),"3155, COMMONWEALTH AVENUE WEST, #B1-11, THE CLEMENTI MALL, SG(129588)"
UNITY By Fairprice (YTP),ONG LI YING,"21, CHOA CHU KANG NORTH 6, #B1-08/09, YEWTEE POINT, SG(689578)"
Unity By FairPrice (HSPH) Sports Hub,KWOK QIAN YI ELYSSIA,"1, STADIUM PLACE, #01-29, SG(397628)"
Unity By Fairprice (111S) Tripleone Somerset,TAN YIMIAN,"111, SOMERSET ROAD, #01-01/02, 21-30, 111 SOMERSET, SG(238164)"
Unity By Fairprice (HAMK) AMK HUB,NYIAU WEN JUN,"53, ANG MO KIO AVENUE 3, #B2-40, AMK HUB, SG(569933)"
Unity By Fairprice (HPWP) Hyper Parkway Parade,CHUANG XUE FEN,"80, MARINE PARADE ROAD, #03-28, PARKWAY PARADE, SG(449269)"
Unity By Fairprice (KADM) Kampung Admiralty,Wong Chee Fah,"676, WOODLANDS DRIVE 71, #B1-02, SG(730676)"
Unity By Fairprice (SINGPOST) SingPost Centre,NG SI WAI,"10, EUNOS ROAD 8, #B1-101 TO 107, SINGAPORE POST CENTRE, SG(408600)"
Unity By Fairprice (TAML) Tampines Mall,HOO JIAYANG,"4, TAMPINES CENTRAL 5, #B1-12, TAMPINES MALL, SG(529510)"
Unity By Fairprice (TMJR) Taman Jurong Shopping Centre,CHENG TSU YU,"399, YUNG SHENG ROAD, #01-35, TAMAN JURONG SHOPPING CENTRE, SG(610399)"
Unity By Fairprice (UCSQ) City Square Mall,Teong Kar Loon,"180, KITCHENER ROAD, #B2-25, CITY SQUARE MALL, SG(208539)"
Unity By Fairprice (UCWP) Causeway Point,Tan Yoke Khoon,"1, WOODLANDS SQUARE, #01-33, CAUSEWAY POINT, SG(738099)"
Unity By Fairprice (UIMM) IMM Mall (The International Merchandising Mart Mall),"TAN CHOON KAI, XAVIER","2, JURONG EAST STREET 21, #01-57, IMM BUILDING, SG(609601)"
Unity By Fairprice (UJPO) Jurong Point,KUIK WEIJIAN,"1, JURONG WEST CENTRAL 2, #01-26A, JURONG POINT, SG(648886)"
Unity By Fairprice (UNVS) Novena Square,LIM CINNY,"238, THOMSON ROAD, #01-11, NOVENA SQUARE, SG(307683)"
Unity By Fairprice (UPDD) Punggol Digital District,LEE SEO YOUNG,"88, PUNGGOL WAY, #01-114 - 115, SG(829913)"
Unity By Fairprice (UPRM ) Pasir Ris Mall,GRACE TING YIENG LIN,"7, PASIR RIS CENTRAL, #B1-27, SG(519612)"
Unity By Fairprice (UT2S) Changi Airport T2 South,SANDAVE DHILLON,"60, AIRPORT BOULEVARD, #02-192, CHANGI AIRPORT TERMINAL 2, SG(819643)"
Unity By Fairprice (UTLM) Tanglin Mall,SHU TIMOTHY KAI WEI,"163, TANGLIN ROAD, #B1-112, TANGLIN MALL, SG(247933)"
Unity By Fairprice (UTPN) Tampines One,DAPHNE YEO LI FEN,"10, TAMPINES CENTRAL 1, #01-51, TAMPINES ONE, SG(529536)"
Unity By Fairprice (UVVO) Vivo City,Grace Yeo Pei Hern (Grace Yang Peiheng),"1, HARBOURFRONT WALK, #01-23, VIVO CITY, SG(098585)"
Unity by Fairprice (UWLM) Woodleigh Mall,Linson Valencia Nazareno,"11, BIDADARI PARK DRIVE, #B1-28, THE WOODLEIGH MALL, SG(367803)"
Unity by Fairprice Thomson Plaza (UTSZ),Tan Soo Tong,"301, UPPER THOMSON ROAD, #01-100/101, THOMSON PLAZA, SG(574408)"
Vivahealth Pharmacy Pte Ltd,Tan Meng Chin,"91, UPPER CROSS STREET, #B1-02, CHINATOWN MRT STATION, SG(058362)"
WATSON'S PERSONAL CARE STORES PTE LTD (WATERWAY POINT),TEO WEN TING JOYCE,"83, PUNGGOL CENTRAL, #B1-31 TO 32, WATERWAY POINT, SG(828761)"
WATSONS PERSONAL CARE STORES (TIONG BAHRU PLAZA),Lee Wan Xia,"302, TIONG BAHRU ROAD, #01-131 TO 132, TIONG BAHRU PLAZA, SG(168732)"
Watson's Personal Care Stores Pte Ltd (Ang Mo Kio Hub 2),LIM XUE YING,"53, ANG MO KIO AVENUE 3, #B1-29, AMK HUB, SG(569933)"
Watson's Personal Care Stores Pte Ltd (Bedok Mall),VERIDIANA ALICIA GIAM CHING ING,"311, NEW UPPER CHANGI ROAD, #B2-12/13, BEDOK MALL, SG(467360)"
Watson's Personal Care Stores Pte Ltd (Bugis Junction),Ng Lye Yeung,"200, VICTORIA STREET, #02-29 TO 33/33A, BUGIS JUNCTION, SG(188021)"
Watson's Personal Care Stores Pte Ltd (Causeway Point),Lim Su Yin,"1, WOODLANDS SQUARE, #B1-14/15, CAUSEWAY POINT, SG(738099)"
Watson's Personal Care Stores Pte Ltd (City Square Mall),Yang Jingxian,"180, KITCHENER ROAD, #B1-11, CITY SQUARE MALL, SG(208539)"
Watson's Personal Care Stores Pte Ltd (Clementi Mall),Goh Xin Ling,"3155, COMMONWEALTH AVENUE WEST, #B1-37/38/39, THE CLEMENTI MALL, SG(129588)"
Watson's Personal Care Stores Pte Ltd (Compass One),LIM JIA YU CHERYL ANN,"1, SENGKANG SQUARE, #02-09, COMPASS ONE, SG(545078)"
Watson's Personal Care Stores Pte Ltd (Great World City),Lu Siu Ying,"1, KIM SENG PROMENADE, #B1-118 TO 121, GREAT WORLD CITY, SG(237994)"
Watson's Personal Care Stores Pte Ltd (Heartbeat@bedok),SITI RAHIL BINTE MOHD YUSSOF,"11, BEDOK NORTH STREET 1, #01-09 TO 10, HEARTBEAT @ BEDOK, SG(469662)"
Watson's Personal Care Stores Pte Ltd (International Plaza),Kng Li Lin Grace,"10, ANSON ROAD, #01-62-67, INTERNATIONAL PLAZA, SG(079903)"
Watson's Personal Care Stores Pte Ltd (Jem),SHIREEN SAM PUI SAN,"50, JURONG GATEWAY ROAD, #B1-07, JEM, SG(608549)"
Watson's Personal Care Stores Pte Ltd (Jewel Changi Airport),Xinjin Guo,"78, AIRPORT BOULEVARD, #B2-217/218, JEWEL CHANGI AIRPORT, SG(819666)"
Watson's Personal Care Stores Pte Ltd (Junction 8),Chung Shing Han Sharon,"9, BISHAN PLACE, #02-45/46, JUNCTION 8 SHOPPING CENTRE, SG(579837)"
Watson's Personal Care Stores Pte Ltd (Jurong Point),Chieng Lee Dee,"1, JURONG WEST CENTRAL 2, #B1-12/13/14, JURONG POINT, SG(648886)"
Watson's Personal Care Stores Pte Ltd (Marina Bay Financial Centre),Chong Boon Ka,"8A, MARINA BOULEVARD, #B2-57/58/59, MARINA BAY LINK MALL, SG(018984)"
Watson's Personal Care Stores Pte Ltd (Marina Bay Sands),MIAO JING,"2, BAYFRONT AVENUE, #B2-01B, MARINA BAY SANDS, SG(018972)"
Watson's Personal Care Stores Pte Ltd (NEX),Yeang Siew Fong,"23, SERANGOON CENTRAL, #02-57, NEX, SG(556083)"
Watson's Personal Care Stores Pte Ltd (Ngee Ann City),Chung Wing Lam,"391, ORCHARD ROAD, #B2-06-10, NGEE ANN CITY, SG(238872)"
Watson's Personal Care Stores Pte Ltd (North Point),TAN SENG HUR LESTER,"1, NORTHPOINT DRIVE, #B1-160-165, NORTHPOINT CITY, SG(768019)"
Watson's Personal Care Stores Pte Ltd (Novena Square),LOW YI TING,"238, THOMSON ROAD, #02-05 TO 09, NOVENA SQUARE, SG(307683)"
Watson's Personal Care Stores Pte Ltd (Paragon),MATTHEW ENG HONG SHENG,"290, ORCHARD ROAD, #B1-27/27A, THE PARAGON, SG(238859)"
Watson's Personal Care Stores Pte Ltd (Parkway Parade),Jayaraj s/o Sanmuganathan,"80, MARINE PARADE ROAD, #B1-14/15/16, PARKWAY PARADE, SG(449269)"
Watson's Personal Care Stores Pte Ltd (Paya Lebar Quarter),Hor Mei Ling,"10, PAYA LEBAR ROAD, #02-19, SG(409057)"
Watson's Personal Care Stores Pte Ltd (Plaza Singapura),"CHU FOONG MUN, JOEY","68, ORCHARD ROAD, #B2-06-07, PLAZA SINGAPURA, SG(238839)"
Watson's Personal Care Stores Pte Ltd (Raffles City),CHONG TECK IAN,"252, NORTH BRIDGE ROAD, #B1-42, RAFFLES CITY SHOPPING CENTRE, SG(179103)"
Watson's Personal Care Stores Pte Ltd (Suntec City),"HO YUE MIN, PRISCA","3, TEMASEK BOULEVARD, #02-420/421/422/423, SUNTEC CITY MALL, SG(038983)"
Watson's Personal Care Stores Pte Ltd (Tampines Mall),TAN SWEE MEI,"4, TAMPINES CENTRAL 5, #B1-07/08/09, TAMPINES MALL, SG(529510)"
Watson's Personal Care Stores Pte Ltd (Toa Payoh HDB Hub),SOH WEE TENG,"190, LORONG 6 TOA PAYOH, #01-510, SG(310190)"
Watson's Personal Care Stores Pte Ltd (United Square),FELICIA CHIA SI YA,"101, THOMSON ROAD, #B1-53, UNITED SQUARE, SG(307591)"
Watson's Personal Care Stores Pte Ltd (Vivo City),Emelyn Wong,"1, HARBOURFRONT WALK, #B2-15-17, VIVO CITY, SG(098585)"
Watson's Personal Care Stores Pte Ltd Ion Orchard,RONG LI,"2, ORCHARD TURN, #B4-12, ION ORCHARD, SG(238801)"
WellAway Pharmacy,CHONG JIN JIAN,SG
Woodlands Health Medical Centre Pharmacy,Koh Seow Ken,"17, WOODLANDS DRIVE 17, #B1-00, SG(737628)"
Woods Pharmacy Pte ltd,Shanavas Rusana Banu,"10, EU TONG SEN STREET, #B1-05, CLARKE QUAY MRT STATION, SG(059815)"
eZPharmacy,CHEONG ZUHUI,SG
